Unnamed: 0,ID,Country of Origin,Farm Name,Lot Number,Mill,ICO Number,Company,Altitude,Region,Producer,Number of Bags,Bag Weight,In-Country Partner,Harvest Year,Grading Date,Owner,Variety,Status,Processing Method,Aroma,Flavor,Aftertaste,Acidity,Body,Balance,Uniformity,Clean Cup,Sweetness,Overall,Defects,Total Cup Points,Moisture Percentage,Category One Defects,Quakers,Color,Category Two Defects,Expiration,Certification Body,Certification Address,Certification Contact
5,5,Guatemala,La Colina,"The 2022 Pacific Rim Coffee Summit,GT02",Dinámica Café,,Taiwan Coffee Laboratory,1668,Chimaltenango,Emilio Antonio Medina Garcia,5,30 kg,Taiwan Coffee Laboratory 台灣咖啡研究室,2022,"November 15th, 2022",Taiwan Coffee Laboratory 台灣咖啡研究室,Gesha,Completed,Washed / Wet,8.33,8.33,8.25,7.83,7.83,8.17,10.0,10.0,10.0,8.25,0.0,87.0,10.7,0,0,green,2,"November 15th, 2023",Taiwan Coffee Laboratory 台灣咖啡研究室,"QAHWAH CO., LTD 4F, No. 225, Sec. 3, Beixin Rd., Xindian Dist. New Taipei City, Taiwan","Lin, Jen-An Neil 林仁安 - 886-289116612"
38,38,Kenya,Small Holder,5516,NKG,,IBERO (K) LTD,1600-1900,Central,Small Holder,300,60 kg,Kenya Coffee Traders Association,2022 / 2023,"February 28th, 2023",Judith Murimi,SL28,Completed,Washed / Wet,8.17,7.75,7.83,7.58,7.92,8.0,10.0,10.0,10.0,8.0,0.0,85.25,9.2,0,0,greenish,1,"February 28th, 2024",Kenya Coffee Traders Association,"P.O. Box 646 00100Nairobi, Kenya, Denniss Pritt Road, Opposite St Georges Girls Secondary School",Benson Kibicho Kamau - +254 786 821 621
46,46,Guatemala,varias fincas,11/15/118,Beneficio Pastores,11/15/118,"Peter Schoenfeld, S.A.",1600,Antigua,Varios productores,600,30 kg,Asociacion Nacional Del Café,2022 / 2023,"April 17th, 2023",Yesica Alejandra Martìnez Vàsquez,Caturra,Completed,Washed / Wet,7.67,8.08,7.67,8.0,7.92,7.83,10.0,10.0,10.0,7.83,0.0,85.0,9.9,0,1,green,1,"April 16th, 2024",Asociacion Nacional Del Café,"5a Calle 0-50, Zona 14 Guatemala City, Guatemala 1014",Brayan Cifuentes -
48,48,Guatemala,san francisco cotzal,11/441/50,"inmobiliaria e inversiones dos mil, s.a.",11/441/50,"inmobiliaria e inversiones dos mil, s.a.",1600,quiche,san francisco cotzal,275,69 kg,Asociacion Nacional Del Café,2021 / 2022,"June 22nd, 2022",Angelica Paola Citan Lopez,Caturra,Completed,Washed / Wet,7.83,7.92,7.75,8.0,7.75,7.75,10.0,10.0,10.0,7.92,0.0,84.92,11.7,0,3,green,1,"June 22nd, 2023",Asociacion Nacional Del Café,"5a Calle 0-50, Zona 14 Guatemala City, Guatemala 1014",Brayan Cifuentes -
53,53,"Tanzania, United Republic Of",IYENGA,S59588/P03989,CITY COFFEE LTD,0033/0004,VOLCAFE/TaylorWinch Tanzania Ltd,1654,Mbeya,IYENGA AMCOS,620,30 kg,Kenya Coffee Traders Association,2022 / 2023,"November 9th, 2022",Balam Hinyula,Bourbon,Completed,Washed / Wet,7.92,7.75,7.75,7.92,7.83,7.83,10.0,10.0,10.0,7.83,0.0,84.83,11.2,0,0,greenish,0,"November 9th, 2023",Kenya Coffee Traders Association,"P.O. Box 646 00100Nairobi, Kenya, Denniss Pritt Road, Opposite St Georges Girls Secondary School",Benson Kibicho Kamau - +254 786 821 621
59,59,Guatemala,Varias Fincas,11/15/117,Varios Beneficios,11/15/117,"Peter Schoenfeld, S.A.",1600,Huehuetenango,Varios Productores,600,30 kg,Asociacion Nacional Del Café,2022 / 2023,"April 28th, 2023",Yesica Alejandra Martìnez Vàsquez,Caturra,Completed,Washed / Wet,7.67,8.0,7.67,7.83,7.92,7.67,10.0,10.0,10.0,7.92,0.0,84.67,10.6,0,0,green,1,"April 27th, 2024",Asociacion Nacional Del Café,"5a Calle 0-50, Zona 14 Guatemala City, Guatemala 1014",Brayan Cifuentes -
80,80,Guatemala,San jose del lago,11/15/96,San jose del lago,11/15/96,"Peter Schoenfeld, S.A.",1600,Atitlán,"Cafetalera Paquim, S.A.",55,30 kg,Asociacion Nacional Del Café,2022 / 2023,"April 17th, 2023",Yesica Alejandra Martìnez Vàsquez,Typica,Completed,Washed / Wet,7.58,7.92,7.67,7.75,7.83,7.75,10.0,10.0,10.0,7.75,0.0,84.25,10.0,0,0,green,1,"April 16th, 2024",Asociacion Nacional Del Café,"5a Calle 0-50, Zona 14 Guatemala City, Guatemala 1014",Brayan Cifuentes -
83,83,Guatemala,san francisco cotzal,11/441/49,"inmobiliaria e inversiones dos mil, s.a.",11/441/49,"inmobiliaria e inversiones dos mil, s.a.",1600,quiche,san francisco cotzal,275,69 kg,Asociacion Nacional Del Café,2021 / 2022,"May 19th, 2022",Angelica Paola Citan Lopez,Caturra,Completed,Washed / Wet,7.58,7.92,7.58,7.83,7.75,7.67,10.0,10.0,10.0,7.75,0.0,84.08,11.0,0,3,green,2,"May 19th, 2023",Asociacion Nacional Del Café,"5a Calle 0-50, Zona 14 Guatemala City, Guatemala 1014",Brayan Cifuentes -
89,89,"Tanzania, United Republic Of",KONGONI ESTATE,CN 4127230031/P-9139,RAFIKI MILL,033/DE/491/001,C.DORMAN SEZ LTD,1600-1750,ARUSHA,DORMAN (T) LTD,200,60 kg,Kenya Coffee Traders Association,2022 / 2023,"January 3rd, 2023",Gilbert Maina,Bourbon,Completed,Washed / Wet,7.58,7.67,7.75,7.75,7.75,7.75,10.0,10.0,10.0,7.75,0.0,84.0,9.8,0,0,greenish,3,"January 3rd, 2024",Kenya Coffee Traders Association,"P.O. Box 646 00100Nairobi, Kenya, Denniss Pritt Road, Opposite St Georges Girls Secondary School",Benson Kibicho Kamau - +254 786 821 621
95,95,Guatemala,San jose del lago,11/15/95,San jose del lago,11/15/95,"Peter Schoenfeld, S.A.",1600,Atitlán,"Cafetalera Paquim, S.A.",35,30 kg,Asociacion Nacional Del Café,2022 / 2023,"April 17th, 2023",Yesica Alejandra Martìnez Vàsquez,Bourbon,Completed,Washed / Wet,7.58,7.83,7.58,7.75,7.67,7.75,10.0,10.0,10.0,7.75,0.0,83.92,10.0,0,1,green,2,"April 16th, 2024",Asociacion Nacional Del Café,"5a Calle 0-50, Zona 14 Guatemala City, Guatemala 1014",Brayan Cifuentes -
112,112,Guatemala,SAN FRANCISCO COTZAL,P-4142,"INMOBILIARIA E INVERSIONES DOS MIL, S. A.",11/441/50,Asociación Nacional del Cafe,1600,QUICHE,SAN FRANCISCO COTZAL,275,69 kg,Asociacion Nacional Del Café,2021 / 2022,"May 19th, 2022",Angelica Paola Citan Lopez,Caturra,Completed,Washed / Wet,7.58,7.83,7.58,7.67,7.58,7.58,10.0,10.0,10.0,7.75,0.0,83.58,10.9,0,2,green,4,"May 19th, 2023",Asociacion Nacional Del Café,"5a Calle 0-50, Zona 14 Guatemala City, Guatemala 1014",Brayan Cifuentes -
132,132,Honduras,La Bendicion,"The 2022 Pacific Rim Coffee Summit,HN03","COMSA (Cafe Organic Marcala, S.A)",,Taiwan Coffee Laboratory,1600,"Marcala, La Paz",Joaquin Suazo,9,15 kg,Taiwan Coffee Laboratory 台灣咖啡研究室,2021,"November 15th, 2022",Taiwan Coffee Laboratory 台灣咖啡研究室,Lempira,Completed,Washed / Wet,7.67,7.75,7.67,7.58,7.5,7.58,10.0,10.0,10.0,7.5,0.0,83.25,10.5,0,0,bluish-green,3,"November 15th, 2023",Taiwan Coffee Laboratory 台灣咖啡研究室,"QAHWAH CO., LTD 4F, No. 225, Sec. 3, Beixin Rd., Xindian Dist. New Taipei City, Taiwan","Lin, Jen-An Neil 林仁安 - 886-289116612"
139,139,Colombia,EL PRADO,3-59-0654,NEIVA,3-59-0654,carcafe ltda,1650,HUILA,FRANKLIN DUSSAN,600,30 kg,ASOCIACIÓN COLOMBIANA PARA LA EXCELENCIA DEL CAFE,2022 / 2023,"January 13th, 2023",rodrigo amaya,Caturra,Completed,Washed / Wet,8.0,7.67,7.42,7.58,7.58,7.42,10.0,10.0,10.0,7.33,0.0,83.0,13.1,0,0,bluish-green,1,"January 13th, 2024",ASOCIACIÓN COLOMBIANA PARA LA EXCELENCIA DEL CAFE,Calle 60A #3D-32 / Planta Baja / CQ Lab ASECC,Carlos Julian Ruiz - 3212026991
153,153,Taiwan,銅鏡莊園,A01-Northern Taiwan Specialty Coffee Evaluation,銅鏡莊園,,Taiwu Coffee Cooperative,165,苗栗縣,吳聲發,1,4 kg,Taiwan Coffee Laboratory 台灣咖啡研究室,2021 / 2022,"January 6th, 2023",Taiwu,unknow,Completed,Natural / Dry,7.67,7.67,7.42,7.42,7.42,7.5,10.0,10.0,10.0,7.5,0.0,82.58,9.8,0,0,green,0,"January 6th, 2024",Taiwan Coffee Laboratory 台灣咖啡研究室,"QAHWAH CO., LTD 4F, No. 225, Sec. 3, Beixin Rd., Xindian Dist. New Taipei City, Taiwan","Lin, Jen-An Neil 林仁安 - 886-289116612"
168,168,Peru,Fundo La Libertado,PR138,Planta Callao,,Itochu Corporation,1600,"Chanchamayo, La Merced",Sand Crispin Espiritu,275,69 kg,Japan Coffee Exchange,2022 / 2023,"July 11th, 2022",Kiichiro Iwata,Caturra,Completed,Washed / Wet,7.67,7.5,7.33,7.58,7.33,7.42,10.0,10.0,10.0,7.42,0.0,82.25,11.7,0,1,greenish,3,"July 11th, 2023",Japan Coffee Exchange,"〒413-0002 静岡県熱海市伊豆山１１７３−５８ 1173-58 Izusan, Atami, Shizuoka, 413-0002 JAPAN",松澤　宏樹　Koju Matsuzawa - +81(0)9085642901
179,179,Peru,Fundo La Libertad,301R,Planta Callao,301R,Itochu Corporation,1600,"Chanchamayo, La Merced",Sandro Crispin Espiritu,275,69 kg,Japan Coffee Exchange,2022 / 2023,"July 11th, 2022",Kiichiro Iwata,Caturra,Completed,Washed / Wet,7.5,7.5,7.33,7.5,7.33,7.33,10.0,10.0,10.0,7.42,0.0,81.92,11.6,0,2,greenish,2,"July 11th, 2023",Japan Coffee Exchange,"〒413-0002 静岡県熱海市伊豆山１１７３−５８ 1173-58 Izusan, Atami, Shizuoka, 413-0002 JAPAN",松澤　宏樹　Koju Matsuzawa - +81(0)9085642901
198,198,Colombia,Finca Mallorca,CQU2023001,Finca Mallorca,,Coffee Quality Union,1600,"Caicedonia,Valle del Cauca",Finca Mallorca,3,10 kg,Japan Coffee Exchange,2022,"March 6th, 2023",Coffee Quality Union,"Castillo,Caturra,Bourbon",Completed,Washed / Wet,7.25,7.25,7.17,7.33,7.0,7.17,10.0,10.0,10.0,7.25,0.0,80.42,11.0,0,3,greenish,3,"March 5th, 2024",Japan Coffee Exchange,"〒413-0002 静岡県熱海市伊豆山１１７３−５８ 1173-58 Izusan, Atami, Shizuoka, 413-0002 JAPAN",松澤　宏樹　Koju Matsuzawa - +81(0)9085642901
199,199,Peru,Fundo La Libertad,PR137,Callao Plant,,Itochu Corporation,1600,"Chanchamayo, Lamerced",Sandro Crispin Espiritu,275,69 kg,Japan Coffee Exchange,2022 / 2023,"June 10th, 2022",Kiichiro Iwata,Caturra,Completed,Washed / Wet,7.5,7.25,7.17,7.17,7.17,7.08,10.0,10.0,10.0,7.0,0.0,80.33,11.8,0,6,greenish,11,"June 10th, 2023",Japan Coffee Exchange,"〒413-0002 静岡県熱海市伊豆山１１７３−５８ 1173-58 Izusan, Atami, Shizuoka, 413-0002 JAPAN",松澤　宏樹　Koju Matsuzawa - +81(0)9085642901
